file,sha256,journaled,operation_count,creates_tables,alters_tables
0000_fantastic_red_wolf.sql,a99319ba4bec3614961bcd45730e4e718249f28d87709c688442bee732809624,yes,76,accounts|activity_logs|appointments|availability_rules|clients|comments|files|folders|invoice_items|invoices|payments|portal_access_logs|project_members|projects|prompt_generations|prompt_templates|sessions|tasks|time_entries|users|verifications|workspace_invoice_counters|workspace_members|workspaces,accounts|activity_logs|appointments|availability_rules|clients|comments|files|folders|invoice_items|invoices|payments|portal_access_logs|project_members|projects|prompt_generations|prompt_templates|sessions|tasks|time_entries|workspace_invoice_counters|workspace_members|workspaces
0001_simple_karma.sql,6bd630eeb747e9a2dd1e538b38b093313f6f811e25f3a04f9ca26e819c84d86d,yes,1,,files
0002_ai_search_indexes.sql,d5e45b67172709bce1d98c4aabb09d748763a99028e4486fb91900610f1a6a86,no,4,,
0003_finance.sql,e71f63ecc81269dc97be906ff99c5b1e4125dc378177206b5c2494cfa7105b9a,yes,13,ai_conversations|ai_messages|expense_categories|expenses,ai_conversations|ai_messages|expense_categories|expenses
0004_proposals_recurring.sql,35302e35bf5ff6919a0b82ade182cc527692be17932f2c57a796e10cdcc845f2,yes,10,expense_recurring|proposals,expense_recurring|proposals
0005_brief_zzzax.sql,8144f549df656233aa6c6bedd806c7cdb1fa86bc983b9d55d377aa1043f0ac17,yes,84,contract_templates|contracts|custom_package_requests|email_messages|email_templates|invoice_templates|notifications|package_orders|packages|pakasir_payments|personal_notes|portal_requests|portal_visits|questionnaire_responses|questionnaires|support_tickets,clients|contract_templates|contracts|custom_package_requests|email_messages|email_templates|expenses|files|invoice_templates|invoices|notifications|package_orders|packages|pakasir_payments|personal_notes|portal_requests|portal_visits|projects|questionnaire_responses|questionnaires|support_tickets|time_entries|users|workspaces
0005_questionnaires.sql,30085679f884ed24f6e437397fdb73ab4c5d2fd675a7f71dd9fcef66b741e5a2,no,8,questionnaire_responses|questionnaires,questionnaire_responses|questionnaires
0006_contracts.sql,1fe93e88e968416756a8c1600adf911ef8032ff5c2601ab01a1b6d0d9f3b86dd,no,9,contract_templates|contracts,contract_templates|contracts
0007_workspace_billing_extras.sql,0c8debadd5bd980e5549b4c7b32a7512d00727ad51cad31728d6ce5f4cc6cd67,no,3,,workspaces
0008_notifications_and_idr.sql,266defbc534f27a7048115b7bccc845f9dd3eef76461950a53975764f6eea2a9,no,6,notifications|portal_visits,files
0009_workspace_reply_to_email.sql,189e6cd2aa99023737ae3ab2956e8f54e7958030103c887bbba5ad4882aa4fd7,no,1,,workspaces
0010_workspace_plan.sql,37efaa1a5583acf75a159477e14e2a61bacafb5ec89739235f2991767e02608f,no,2,,workspaces
0011_pakasir_payments.sql,cc99ffb546408249daa91f4e532719d17db872e5ecd1c214a8e58899b68a410a,no,1,pakasir_payments,
0012_phase1_portal_slug_requests.sql,9148d5e0382d50b3b24c369cec40d3bb0ba6a73cc288d173c508188dd356d4f8,no,8,portal_requests,clients
0013_p4_email_personal_workspace.sql,a84bee041183d881e6b0b1e371eadf9334c4f02ef7b14e0c3325add4c0085950,no,6,email_messages|personal_notes,
0014_p4b_email_templates_note_edit.sql,bf950d0da587446b9ffc3cd8708d78ece2b09e4f5ab893fefcf309af1e8db7ea,no,2,email_templates,
0015_project_type_dates.sql,ff6406d3b844acdeafabb7965f5b5257ea73838b4794553be1178656266e5353,no,3,,projects
0016_time_entry_tags.sql,d4a36cecc11509b68b545e272d734cd0c33b315dac4d1565642f0ad045b50674,no,1,,time_entries
0017_personal_note_reminders.sql,d38729fc6eed9e5d2ab655c0201c9da1c4ca92ea366dd003bb390b48d561ef65,no,6,,personal_notes
0019_support_tickets.sql,533f7300fe8ee9c3c64d8affa1ff24f65014a296decadece3c06c0d0d10f5074,no,3,support_tickets,
0020_invoice_templates.sql,05c81b63f8e983452ce97e0c3c6a3337e190a928ca9f39b60df01f503f398cea,no,2,invoice_templates,
0021_project_billing_enhancements.sql,518a175e222f5dbf6146cd59f0b0e8220b958dc23ed59d9bf67cc99d1e7b4752,no,4,,invoices|projects
0022_packages.sql,9f4eaa658561dea2bf3adab17aa1c05624be3bc76d163cf733e54127630ca690,no,3,packages,
0023_package_custom_pricing.sql,ffb5e8d4ae278c3b6b83f7f772e5737d179cfb2c0b092736b0992970c4f45c9d,no,4,,packages
0024_custom_package_requests.sql,788ca6aabd2d7afdaa8e5706ca90ffb6681a01e2d3d1294affe28caee1c2afc3,no,1,custom_package_requests,
0025_package_orders.sql,9f368b06cbfe12697148100a0f7f1fe55f473813071a5e04872f7e7eb755dc86,no,1,package_orders,
0026_project_selected_package.sql,1bf736a5950f82fff6a52a013261c0a88e885d3fb2f498a4561e29c77d51bf13,no,1,,projects
0027_proposal_templates.sql,e4547e69893830c4818e0d817fe8d1ca121af531a0c13a4d47b8a37af78af99f,no,2,proposal_templates,
0028_invoice_archived_status.sql,816f9fa6ebe3eeb506f038228db8a90e7be6023381acd888d61dcd9e0629f9af,no,0,,
0029_project_archived_status.sql,e415b558222703ccba148eb970605f70287ea3d3a742402556b8e6e8a34930b3,no,0,,
0030_google_calendar.sql,6c72e325e92282307e7140496eef67c2b939c7549c3dc80902ae4d0ba822019f,no,4,google_calendar_connections,appointments
0031_client_google_calendar.sql,38cb123131d6a0d21fc8f7dd8fa78a47dab645d0e99da457b14321556c1a153b,no,3,client_google_calendar_connections,
0032_cubiqlo_revision.sql,bf131abab3eaec5a8b2f47b95d8b4a4702c640ce8c85096cf8652007184c8992,no,3,,clients|workspaces
0033_quick_timer.sql,7aed1fcf39e5eb3ce3af5190577d7bb7f0e4b787057292ac151781d37a457e08,no,3,,time_entries
0034_invoice_first_view.sql,e485a8b4fe77deca1cb9bbdf20d27d61653d41afb5577eec913d7cb32acc8540,no,1,,invoices
0035_invoice_email_body.sql,983b7ae50da1edb1b226cf7c586bfce705e07846af7d4a0ea96e7b38076b86cf,no,1,,workspaces
0036_workspace_currency_rates.sql,24b267bc0d592bbd7e7cac3bf95bec9bbaac7f4436c7d238fcb8b9ebdc1a2be1,no,2,workspace_currency_rates,
0037_workspace_show_base_currency_approx.sql,629468ebe1cd146b2c503a87c69b3051cf8e516f572be6bb288c37c5653ff54b,no,1,,workspaces
0038_invoice_project_fx_items.sql,3e9ccc9c0abaab4d20216d990f917abfab68b3d4785bda54d709bd61483dfa15,no,3,,invoice_items
0039_personal_note_task_fk.sql,9e4a40828180239635b4513c1f763ec6f8bea99f88bd272752a9ce70ada4b0b6,no,2,,personal_notes
0040_cleanup_duplicate_foreign_keys.sql,92b93f422592f73204a9e5c519d40aecca9014bc5b91d0a6de9e2a733e0cd6c4,no,35,,public
