schemaname,tablename,indexname,indexdef
public,accounts,accounts_pkey,CREATE UNIQUE INDEX accounts_pkey ON public.accounts USING btree (id)
public,accounts,idx_accounts_user_id,CREATE INDEX idx_accounts_user_id ON public.accounts USING btree (user_id)
public,activity_logs,activity_logs_pkey,CREATE UNIQUE INDEX activity_logs_pkey ON public.activity_logs USING btree (id)
public,activity_logs,idx_activity_logs_actor_id,CREATE INDEX idx_activity_logs_actor_id ON public.activity_logs USING btree (actor_id)
public,activity_logs,idx_activity_logs_workspace_id,CREATE INDEX idx_activity_logs_workspace_id ON public.activity_logs USING btree (workspace_id)
public,ai_conversations,ai_conv_ws_user_idx,"CREATE INDEX ai_conv_ws_user_idx ON public.ai_conversations USING btree (workspace_id, user_id, updated_at DESC)"
public,ai_conversations,ai_conversations_pkey,CREATE UNIQUE INDEX ai_conversations_pkey ON public.ai_conversations USING btree (id)
public,ai_messages,ai_messages_pkey,CREATE UNIQUE INDEX ai_messages_pkey ON public.ai_messages USING btree (id)
public,ai_messages,ai_msg_conv_idx,"CREATE INDEX ai_msg_conv_idx ON public.ai_messages USING btree (conversation_id, created_at)"
public,ai_usage_daily,ai_usage_daily_ws_date,"CREATE UNIQUE INDEX ai_usage_daily_ws_date ON public.ai_usage_daily USING btree (workspace_id, usage_date)"
public,appointments,appointments_pkey,CREATE UNIQUE INDEX appointments_pkey ON public.appointments USING btree (id)
public,appointments,idx_appointments_client_id,CREATE INDEX idx_appointments_client_id ON public.appointments USING btree (client_id)
public,appointments,idx_appointments_user_id,CREATE INDEX idx_appointments_user_id ON public.appointments USING btree (user_id)
public,appointments,idx_appointments_workspace_id,CREATE INDEX idx_appointments_workspace_id ON public.appointments USING btree (workspace_id)
public,availability_rules,availability_rules_pkey,CREATE UNIQUE INDEX availability_rules_pkey ON public.availability_rules USING btree (id)
public,availability_rules,idx_availability_rules_user_id,CREATE INDEX idx_availability_rules_user_id ON public.availability_rules USING btree (user_id)
public,availability_rules,idx_availability_rules_workspace_id,CREATE INDEX idx_availability_rules_workspace_id ON public.availability_rules USING btree (workspace_id)
public,client_google_calendar_connections,client_gcal_status_idx,CREATE INDEX client_gcal_status_idx ON public.client_google_calendar_connections USING btree (status)
public,client_google_calendar_connections,client_gcal_workspace_id_idx,CREATE INDEX client_gcal_workspace_id_idx ON public.client_google_calendar_connections USING btree (workspace_id)
public,client_google_calendar_connections,client_google_calendar_connections_client_id_key,CREATE UNIQUE INDEX client_google_calendar_connections_client_id_key ON public.client_google_calendar_connections USING btree (client_id)
public,client_google_calendar_connections,client_google_calendar_connections_invite_token_hash_key,CREATE UNIQUE INDEX client_google_calendar_connections_invite_token_hash_key ON public.client_google_calendar_connections USING btree (invite_token_hash)
public,client_google_calendar_connections,client_google_calendar_connections_pkey,CREATE UNIQUE INDEX client_google_calendar_connections_pkey ON public.client_google_calendar_connections USING btree (id)
public,clients,clients_name_trgm,CREATE INDEX clients_name_trgm ON public.clients USING gin (name gin_trgm_ops)
public,clients,clients_pkey,CREATE UNIQUE INDEX clients_pkey ON public.clients USING btree (id)
public,clients,clients_portal_slug_unique,CREATE UNIQUE INDEX clients_portal_slug_unique ON public.clients USING btree (portal_slug) WHERE (portal_slug IS NOT NULL)
public,clients,clients_portal_token_hash_unique,CREATE UNIQUE INDEX clients_portal_token_hash_unique ON public.clients USING btree (portal_token_hash)
public,clients,clients_workspace_client_number_unique,"CREATE UNIQUE INDEX clients_workspace_client_number_unique ON public.clients USING btree (workspace_id, client_number) WHERE (client_number IS NOT NULL)"
public,clients,idx_clients_workspace_id,CREATE INDEX idx_clients_workspace_id ON public.clients USING btree (workspace_id)
public,comments,comments_pkey,CREATE UNIQUE INDEX comments_pkey ON public.comments USING btree (id)
public,comments,idx_comments_author_id,CREATE INDEX idx_comments_author_id ON public.comments USING btree (author_id)
public,comments,idx_comments_workspace_id,CREATE INDEX idx_comments_workspace_id ON public.comments USING btree (workspace_id)
public,contract_templates,contract_templates_pkey,CREATE UNIQUE INDEX contract_templates_pkey ON public.contract_templates USING btree (id)
public,contract_templates,idx_contract_templates_created_by,CREATE INDEX idx_contract_templates_created_by ON public.contract_templates USING btree (created_by)
public,contract_templates,idx_contract_templates_workspace_id,CREATE INDEX idx_contract_templates_workspace_id ON public.contract_templates USING btree (workspace_id)
public,contracts,contracts_pkey,CREATE UNIQUE INDEX contracts_pkey ON public.contracts USING btree (id)
public,contracts,contracts_shared_token_hash_unique,CREATE UNIQUE INDEX contracts_shared_token_hash_unique ON public.contracts USING btree (shared_token_hash)
public,contracts,idx_contracts_client_id,CREATE INDEX idx_contracts_client_id ON public.contracts USING btree (client_id)
public,contracts,idx_contracts_created_by,CREATE INDEX idx_contracts_created_by ON public.contracts USING btree (created_by)
public,contracts,idx_contracts_project_id,CREATE INDEX idx_contracts_project_id ON public.contracts USING btree (project_id)
public,contracts,idx_contracts_template_id,CREATE INDEX idx_contracts_template_id ON public.contracts USING btree (template_id)
public,contracts,idx_contracts_workspace_id,CREATE INDEX idx_contracts_workspace_id ON public.contracts USING btree (workspace_id)
public,custom_package_requests,custom_package_requests_pkey,CREATE UNIQUE INDEX custom_package_requests_pkey ON public.custom_package_requests USING btree (id)
public,custom_package_requests,idx_custom_package_requests_project_id,CREATE INDEX idx_custom_package_requests_project_id ON public.custom_package_requests USING btree (project_id)
public,custom_package_requests,idx_custom_package_requests_workspace_id,CREATE INDEX idx_custom_package_requests_workspace_id ON public.custom_package_requests USING btree (workspace_id)
public,email_messages,email_messages_client_idx,CREATE INDEX email_messages_client_idx ON public.email_messages USING btree (client_id)
public,email_messages,email_messages_pkey,CREATE UNIQUE INDEX email_messages_pkey ON public.email_messages USING btree (id)
public,email_messages,email_messages_workspace_created_idx,"CREATE INDEX email_messages_workspace_created_idx ON public.email_messages USING btree (workspace_id, created_at DESC)"
public,email_messages,idx_email_messages_project_id,CREATE INDEX idx_email_messages_project_id ON public.email_messages USING btree (project_id)
public,email_messages,idx_email_messages_user_id,CREATE INDEX idx_email_messages_user_id ON public.email_messages USING btree (user_id)
public,email_templates,email_templates_pkey,CREATE UNIQUE INDEX email_templates_pkey ON public.email_templates USING btree (id)
public,email_templates,email_templates_workspace_category_idx,"CREATE INDEX email_templates_workspace_category_idx ON public.email_templates USING btree (workspace_id, category, name)"
public,email_templates,email_templates_workspace_id_name_key,"CREATE UNIQUE INDEX email_templates_workspace_id_name_key ON public.email_templates USING btree (workspace_id, name)"
public,email_templates,idx_email_templates_user_id,CREATE INDEX idx_email_templates_user_id ON public.email_templates USING btree (user_id)
public,expense_categories,expense_categories_pkey,CREATE UNIQUE INDEX expense_categories_pkey ON public.expense_categories USING btree (id)
public,expense_categories,expense_categories_workspace_id_name_unique,"CREATE UNIQUE INDEX expense_categories_workspace_id_name_unique ON public.expense_categories USING btree (workspace_id, name)"
public,expense_recurring,expense_recurring_pkey,CREATE UNIQUE INDEX expense_recurring_pkey ON public.expense_recurring USING btree (id)
public,expense_recurring,idx_expense_recurring_category_id,CREATE INDEX idx_expense_recurring_category_id ON public.expense_recurring USING btree (category_id)
public,expense_recurring,idx_expense_recurring_created_by,CREATE INDEX idx_expense_recurring_created_by ON public.expense_recurring USING btree (created_by)
public,expense_recurring,idx_expense_recurring_project_id,CREATE INDEX idx_expense_recurring_project_id ON public.expense_recurring USING btree (project_id)
public,expense_recurring,idx_expense_recurring_workspace_id,CREATE INDEX idx_expense_recurring_workspace_id ON public.expense_recurring USING btree (workspace_id)
public,expenses,expenses_pkey,CREATE UNIQUE INDEX expenses_pkey ON public.expenses USING btree (id)
public,expenses,idx_expenses_category_id,CREATE INDEX idx_expenses_category_id ON public.expenses USING btree (category_id)
public,expenses,idx_expenses_client_id,CREATE INDEX idx_expenses_client_id ON public.expenses USING btree (client_id)
public,expenses,idx_expenses_created_by,CREATE INDEX idx_expenses_created_by ON public.expenses USING btree (created_by)
public,expenses,idx_expenses_project_id,CREATE INDEX idx_expenses_project_id ON public.expenses USING btree (project_id)
public,expenses,idx_expenses_workspace_id,CREATE INDEX idx_expenses_workspace_id ON public.expenses USING btree (workspace_id)
public,files,files_pkey,CREATE UNIQUE INDEX files_pkey ON public.files USING btree (id)
public,files,idx_files_client_id,CREATE INDEX idx_files_client_id ON public.files USING btree (client_id)
public,files,idx_files_folder_id,CREATE INDEX idx_files_folder_id ON public.files USING btree (folder_id)
public,files,idx_files_project_id,CREATE INDEX idx_files_project_id ON public.files USING btree (project_id)
public,files,idx_files_uploaded_by,CREATE INDEX idx_files_uploaded_by ON public.files USING btree (uploaded_by)
public,files,idx_files_workspace_id,CREATE INDEX idx_files_workspace_id ON public.files USING btree (workspace_id)
public,folders,folders_pkey,CREATE UNIQUE INDEX folders_pkey ON public.folders USING btree (id)
public,folders,idx_folders_client_id,CREATE INDEX idx_folders_client_id ON public.folders USING btree (client_id)
public,folders,idx_folders_parent_id,CREATE INDEX idx_folders_parent_id ON public.folders USING btree (parent_id)
public,folders,idx_folders_project_id,CREATE INDEX idx_folders_project_id ON public.folders USING btree (project_id)
public,folders,idx_folders_workspace_id,CREATE INDEX idx_folders_workspace_id ON public.folders USING btree (workspace_id)
public,google_calendar_connections,google_calendar_connections_pkey,CREATE UNIQUE INDEX google_calendar_connections_pkey ON public.google_calendar_connections USING btree (id)
public,google_calendar_connections,google_calendar_connections_user_id_idx,CREATE INDEX google_calendar_connections_user_id_idx ON public.google_calendar_connections USING btree (user_id)
public,google_calendar_connections,google_calendar_connections_user_id_key,CREATE UNIQUE INDEX google_calendar_connections_user_id_key ON public.google_calendar_connections USING btree (user_id)
public,invoice_items,idx_invoice_items_invoice_id,CREATE INDEX idx_invoice_items_invoice_id ON public.invoice_items USING btree (invoice_id)
public,invoice_items,invoice_items_pkey,CREATE UNIQUE INDEX invoice_items_pkey ON public.invoice_items USING btree (id)
public,invoice_templates,idx_invoice_templates_created_by,CREATE INDEX idx_invoice_templates_created_by ON public.invoice_templates USING btree (created_by)
public,invoice_templates,idx_invoice_templates_workspace,CREATE INDEX idx_invoice_templates_workspace ON public.invoice_templates USING btree (workspace_id)
public,invoice_templates,invoice_templates_pkey,CREATE UNIQUE INDEX invoice_templates_pkey ON public.invoice_templates USING btree (id)
public,invoices,idx_invoices_client_id,CREATE INDEX idx_invoices_client_id ON public.invoices USING btree (client_id)
public,invoices,idx_invoices_project_id,CREATE INDEX idx_invoices_project_id ON public.invoices USING btree (project_id)
public,invoices,invoices_number_trgm,CREATE INDEX invoices_number_trgm ON public.invoices USING gin (invoice_number gin_trgm_ops)
public,invoices,invoices_pkey,CREATE UNIQUE INDEX invoices_pkey ON public.invoices USING btree (id)
public,invoices,invoices_shared_token_hash_unique,CREATE UNIQUE INDEX invoices_shared_token_hash_unique ON public.invoices USING btree (shared_token_hash)
public,invoices,invoices_workspace_id_invoice_number_unique,"CREATE UNIQUE INDEX invoices_workspace_id_invoice_number_unique ON public.invoices USING btree (workspace_id, invoice_number)"
public,notifications,idx_notifications_actor_id,CREATE INDEX idx_notifications_actor_id ON public.notifications USING btree (actor_id)
public,notifications,notifications_pkey,CREATE UNIQUE INDEX notifications_pkey ON public.notifications USING btree (id)
public,notifications,notifications_user_unread_idx,"CREATE INDEX notifications_user_unread_idx ON public.notifications USING btree (user_id, created_at DESC) WHERE (read_at IS NULL)"
public,notifications,notifications_workspace_created_idx,"CREATE INDEX notifications_workspace_created_idx ON public.notifications USING btree (workspace_id, created_at DESC)"
public,package_orders,idx_package_orders_package_id,CREATE INDEX idx_package_orders_package_id ON public.package_orders USING btree (package_id)
public,package_orders,idx_package_orders_project_id,CREATE INDEX idx_package_orders_project_id ON public.package_orders USING btree (project_id)
public,package_orders,idx_package_orders_workspace_id,CREATE INDEX idx_package_orders_workspace_id ON public.package_orders USING btree (workspace_id)
public,package_orders,package_orders_pkey,CREATE UNIQUE INDEX package_orders_pkey ON public.package_orders USING btree (id)
public,packages,packages_pkey,CREATE UNIQUE INDEX packages_pkey ON public.packages USING btree (id)
public,packages,packages_project_idx,CREATE INDEX packages_project_idx ON public.packages USING btree (project_id)
public,packages,packages_workspace_idx,CREATE INDEX packages_workspace_idx ON public.packages USING btree (workspace_id)
public,pakasir_payments,idx_pakasir_payments_workspace_id,CREATE INDEX idx_pakasir_payments_workspace_id ON public.pakasir_payments USING btree (workspace_id)
public,pakasir_payments,pakasir_payments_order_id_key,CREATE UNIQUE INDEX pakasir_payments_order_id_key ON public.pakasir_payments USING btree (order_id)
public,pakasir_payments,pakasir_payments_pkey,CREATE UNIQUE INDEX pakasir_payments_pkey ON public.pakasir_payments USING btree (id)
public,payments,idx_payments_invoice_id,CREATE INDEX idx_payments_invoice_id ON public.payments USING btree (invoice_id)
public,payments,payments_pkey,CREATE UNIQUE INDEX payments_pkey ON public.payments USING btree (id)
public,personal_notes,idx_personal_notes_converted_task,CREATE INDEX idx_personal_notes_converted_task ON public.personal_notes USING btree (converted_task_id)
public,personal_notes,personal_notes_due_idx,"CREATE INDEX personal_notes_due_idx ON public.personal_notes USING btree (workspace_id, user_id, due_date) WHERE (due_date IS NOT NULL)"
public,personal_notes,personal_notes_pkey,CREATE UNIQUE INDEX personal_notes_pkey ON public.personal_notes USING btree (id)
public,personal_notes,personal_notes_user_created_idx,"CREATE INDEX personal_notes_user_created_idx ON public.personal_notes USING btree (workspace_id, user_id, created_at DESC)"
public,personal_notes,personal_notes_user_status_idx,"CREATE INDEX personal_notes_user_status_idx ON public.personal_notes USING btree (workspace_id, user_id, status)"
public,portal_access_logs,idx_portal_access_logs_client_id,CREATE INDEX idx_portal_access_logs_client_id ON public.portal_access_logs USING btree (client_id)
public,portal_access_logs,idx_portal_access_logs_invoice_id,CREATE INDEX idx_portal_access_logs_invoice_id ON public.portal_access_logs USING btree (invoice_id)
public,portal_access_logs,idx_portal_access_logs_workspace_id,CREATE INDEX idx_portal_access_logs_workspace_id ON public.portal_access_logs USING btree (workspace_id)
public,portal_access_logs,portal_access_logs_pkey,CREATE UNIQUE INDEX portal_access_logs_pkey ON public.portal_access_logs USING btree (id)
public,portal_requests,idx_portal_requests_created_by,CREATE INDEX idx_portal_requests_created_by ON public.portal_requests USING btree (created_by)
public,portal_requests,portal_requests_client_idx,CREATE INDEX portal_requests_client_idx ON public.portal_requests USING btree (client_id)
public,portal_requests,portal_requests_pkey,CREATE UNIQUE INDEX portal_requests_pkey ON public.portal_requests USING btree (id)
public,portal_requests,portal_requests_project_idx,CREATE INDEX portal_requests_project_idx ON public.portal_requests USING btree (project_id)
public,portal_requests,portal_requests_status_idx,"CREATE INDEX portal_requests_status_idx ON public.portal_requests USING btree (status, due_date)"
public,portal_requests,portal_requests_workspace_idx,CREATE INDEX portal_requests_workspace_idx ON public.portal_requests USING btree (workspace_id)
public,portal_visits,idx_portal_visits_client_id,CREATE INDEX idx_portal_visits_client_id ON public.portal_visits USING btree (client_id)
public,portal_visits,idx_portal_visits_workspace_id,CREATE INDEX idx_portal_visits_workspace_id ON public.portal_visits USING btree (workspace_id)
public,portal_visits,portal_visits_pkey,CREATE UNIQUE INDEX portal_visits_pkey ON public.portal_visits USING btree (id)
public,portal_visits,portal_visits_resource_idx,"CREATE INDEX portal_visits_resource_idx ON public.portal_visits USING btree (resource_type, resource_id, visited_at DESC)"
public,project_members,project_members_pkey,CREATE UNIQUE INDEX project_members_pkey ON public.project_members USING btree (id)
public,project_members,project_members_project_id_user_id_unique,"CREATE UNIQUE INDEX project_members_project_id_user_id_unique ON public.project_members USING btree (project_id, user_id)"
public,projects,idx_projects_client_id,CREATE INDEX idx_projects_client_id ON public.projects USING btree (client_id)
public,projects,idx_projects_created_by,CREATE INDEX idx_projects_created_by ON public.projects USING btree (created_by)
public,projects,idx_projects_selected_package_id,CREATE INDEX idx_projects_selected_package_id ON public.projects USING btree (selected_package_id)
public,projects,idx_projects_workspace_id,CREATE INDEX idx_projects_workspace_id ON public.projects USING btree (workspace_id)
public,projects,projects_name_trgm,CREATE INDEX projects_name_trgm ON public.projects USING gin (name gin_trgm_ops)
public,projects,projects_pkey,CREATE UNIQUE INDEX projects_pkey ON public.projects USING btree (id)
public,prompt_generations,idx_prompt_generations_client_id,CREATE INDEX idx_prompt_generations_client_id ON public.prompt_generations USING btree (client_id)
public,prompt_generations,idx_prompt_generations_created_by,CREATE INDEX idx_prompt_generations_created_by ON public.prompt_generations USING btree (created_by)
public,prompt_generations,idx_prompt_generations_project_id,CREATE INDEX idx_prompt_generations_project_id ON public.prompt_generations USING btree (project_id)
public,prompt_generations,idx_prompt_generations_template_id,CREATE INDEX idx_prompt_generations_template_id ON public.prompt_generations USING btree (template_id)
public,prompt_generations,idx_prompt_generations_workspace_id,CREATE INDEX idx_prompt_generations_workspace_id ON public.prompt_generations USING btree (workspace_id)
public,prompt_generations,prompt_generations_pkey,CREATE UNIQUE INDEX prompt_generations_pkey ON public.prompt_generations USING btree (id)
public,prompt_templates,idx_prompt_templates_workspace_id,CREATE INDEX idx_prompt_templates_workspace_id ON public.prompt_templates USING btree (workspace_id)
public,prompt_templates,prompt_templates_pkey,CREATE UNIQUE INDEX prompt_templates_pkey ON public.prompt_templates USING btree (id)
public,proposal_templates,idx_proposal_templates_workspace,CREATE INDEX idx_proposal_templates_workspace ON public.proposal_templates USING btree (workspace_id)
public,proposal_templates,proposal_templates_pkey,CREATE UNIQUE INDEX proposal_templates_pkey ON public.proposal_templates USING btree (id)
public,proposals,idx_proposals_client_id,CREATE INDEX idx_proposals_client_id ON public.proposals USING btree (client_id)
public,proposals,idx_proposals_created_by,CREATE INDEX idx_proposals_created_by ON public.proposals USING btree (created_by)
public,proposals,idx_proposals_project_id,CREATE INDEX idx_proposals_project_id ON public.proposals USING btree (project_id)
public,proposals,idx_proposals_workspace_id,CREATE INDEX idx_proposals_workspace_id ON public.proposals USING btree (workspace_id)
public,proposals,proposals_pkey,CREATE UNIQUE INDEX proposals_pkey ON public.proposals USING btree (id)
public,proposals,proposals_shared_token_hash_unique,CREATE UNIQUE INDEX proposals_shared_token_hash_unique ON public.proposals USING btree (shared_token_hash)
public,questionnaire_responses,idx_questionnaire_responses_client_id,CREATE INDEX idx_questionnaire_responses_client_id ON public.questionnaire_responses USING btree (client_id)
public,questionnaire_responses,idx_questionnaire_responses_project_id,CREATE INDEX idx_questionnaire_responses_project_id ON public.questionnaire_responses USING btree (project_id)
public,questionnaire_responses,idx_questionnaire_responses_questionnaire_id,CREATE INDEX idx_questionnaire_responses_questionnaire_id ON public.questionnaire_responses USING btree (questionnaire_id)
public,questionnaire_responses,idx_questionnaire_responses_workspace_id,CREATE INDEX idx_questionnaire_responses_workspace_id ON public.questionnaire_responses USING btree (workspace_id)
public,questionnaire_responses,questionnaire_responses_pkey,CREATE UNIQUE INDEX questionnaire_responses_pkey ON public.questionnaire_responses USING btree (id)
public,questionnaire_responses,questionnaire_responses_shared_token_hash_unique,CREATE UNIQUE INDEX questionnaire_responses_shared_token_hash_unique ON public.questionnaire_responses USING btree (shared_token_hash)
public,questionnaires,idx_questionnaires_created_by,CREATE INDEX idx_questionnaires_created_by ON public.questionnaires USING btree (created_by)
public,questionnaires,idx_questionnaires_workspace_id,CREATE INDEX idx_questionnaires_workspace_id ON public.questionnaires USING btree (workspace_id)
public,questionnaires,questionnaires_pkey,CREATE UNIQUE INDEX questionnaires_pkey ON public.questionnaires USING btree (id)
public,sessions,idx_sessions_user_id,CREATE INDEX idx_sessions_user_id ON public.sessions USING btree (user_id)
public,sessions,sessions_pkey,CREATE UNIQUE INDEX sessions_pkey ON public.sessions USING btree (id)
public,sessions,sessions_token_unique,CREATE UNIQUE INDEX sessions_token_unique ON public.sessions USING btree (token)
public,support_tickets,idx_support_tickets_assignee_id,CREATE INDEX idx_support_tickets_assignee_id ON public.support_tickets USING btree (assignee_id)
public,support_tickets,idx_support_tickets_client_id,CREATE INDEX idx_support_tickets_client_id ON public.support_tickets USING btree (client_id)
public,support_tickets,idx_support_tickets_created_by,CREATE INDEX idx_support_tickets_created_by ON public.support_tickets USING btree (created_by)
public,support_tickets,idx_support_tickets_project_id,CREATE INDEX idx_support_tickets_project_id ON public.support_tickets USING btree (project_id)
public,support_tickets,idx_support_tickets_status,"CREATE INDEX idx_support_tickets_status ON public.support_tickets USING btree (workspace_id, status)"
public,support_tickets,idx_support_tickets_workspace,CREATE INDEX idx_support_tickets_workspace ON public.support_tickets USING btree (workspace_id)
public,support_tickets,support_tickets_pkey,CREATE UNIQUE INDEX support_tickets_pkey ON public.support_tickets USING btree (id)
public,tasks,idx_tasks_assignee_id,CREATE INDEX idx_tasks_assignee_id ON public.tasks USING btree (assignee_id)
public,tasks,idx_tasks_created_by,CREATE INDEX idx_tasks_created_by ON public.tasks USING btree (created_by)
public,tasks,idx_tasks_project_id,CREATE INDEX idx_tasks_project_id ON public.tasks USING btree (project_id)
public,tasks,idx_tasks_source_note,CREATE INDEX idx_tasks_source_note ON public.tasks USING btree (source_note_id)
public,tasks,idx_tasks_workspace_id,CREATE INDEX idx_tasks_workspace_id ON public.tasks USING btree (workspace_id)
public,tasks,tasks_pkey,CREATE UNIQUE INDEX tasks_pkey ON public.tasks USING btree (id)
public,tasks,tasks_title_trgm,CREATE INDEX tasks_title_trgm ON public.tasks USING gin (title gin_trgm_ops)
public,time_entries,idx_time_entries_client_id,CREATE INDEX idx_time_entries_client_id ON public.time_entries USING btree (client_id)
public,time_entries,idx_time_entries_project_id,CREATE INDEX idx_time_entries_project_id ON public.time_entries USING btree (project_id)
public,time_entries,idx_time_entries_task_id,CREATE INDEX idx_time_entries_task_id ON public.time_entries USING btree (task_id)
public,time_entries,idx_time_entries_user_id,CREATE INDEX idx_time_entries_user_id ON public.time_entries USING btree (user_id)
public,time_entries,idx_time_entries_workspace_id,CREATE INDEX idx_time_entries_workspace_id ON public.time_entries USING btree (workspace_id)
public,time_entries,time_entries_pkey,CREATE UNIQUE INDEX time_entries_pkey ON public.time_entries USING btree (id)
public,users,users_email_unique,CREATE UNIQUE INDEX users_email_unique ON public.users USING btree (email)
public,users,users_pkey,CREATE UNIQUE INDEX users_pkey ON public.users USING btree (id)
public,verifications,verifications_pkey,CREATE UNIQUE INDEX verifications_pkey ON public.verifications USING btree (id)
public,workspace_currency_rates,workspace_currency_rates_pkey,CREATE UNIQUE INDEX workspace_currency_rates_pkey ON public.workspace_currency_rates USING btree (id)
public,workspace_currency_rates,workspace_currency_rates_workspace_id_from_currency_unique,"CREATE UNIQUE INDEX workspace_currency_rates_workspace_id_from_currency_unique ON public.workspace_currency_rates USING btree (workspace_id, from_currency)"
public,workspace_invoice_counters,workspace_invoice_counters_pkey,CREATE UNIQUE INDEX workspace_invoice_counters_pkey ON public.workspace_invoice_counters USING btree (workspace_id)
public,workspace_members,workspace_members_pkey,CREATE UNIQUE INDEX workspace_members_pkey ON public.workspace_members USING btree (id)
public,workspace_members,workspace_members_workspace_id_user_id_unique,"CREATE UNIQUE INDEX workspace_members_workspace_id_user_id_unique ON public.workspace_members USING btree (workspace_id, user_id)"
public,workspaces,idx_workspaces_owner_id,CREATE INDEX idx_workspaces_owner_id ON public.workspaces USING btree (owner_id)
public,workspaces,workspaces_booking_slug_unique,CREATE UNIQUE INDEX workspaces_booking_slug_unique ON public.workspaces USING btree (booking_slug)
public,workspaces,workspaces_pkey,CREATE UNIQUE INDEX workspaces_pkey ON public.workspaces USING btree (id)
public,workspaces,workspaces_slug_unique,CREATE UNIQUE INDEX workspaces_slug_unique ON public.workspaces USING btree (slug)